144170.52631578947,40,1800000,72000000
463538.91891891893,30,1800000,54000000
1995542.0,39,4700000,183300000
917172.0,51,2300000,117300000
998736.0,58,4200000,243600000
493557.8181818182,31,1800000,55800000
1118377.0,48,2200000,105600000
1091935.0,40,20000000,800000000
706698.0,31,2800000,86800000
547545.0,28,1500000,42000000
798592.0,35,2700000,94500000
324480.625,47,2000000,94000000
780592.0,41,2500000,102500000
641665.0,54,3000000,162000000
433856.79405334493,29,1587000,46023000
460600.99919019995,33,1600000,52800000
474612.9582352746,29,1768000,51272000
1735837.0000000002,40,2900000,116000000
938652.0,49,1600000,78400000
845381.0,32,1500000,48000000
533254.0,25,2200000,55000000
457547.01030927844,29,5400000,156600000
130884.57831325303,30,1500000,45000000
718548.0,37,2500000,92500000
204122.7906976744,35,1600000,56000000
696276.0,32,2000000,64000000
777317.8438147893,54,2900000,156600000
400619.1818181818,34,1850000,62900000
1201060.7142857143,33,2000000,66000000
517232.0,50,1450000,72500000
621774.0,42,1450000,60900000
415960.8,30,2800000,84000000
99342.85714285713,23,2700000,62100000
735104.1176470588,60,3000000,180000000
309854.0,33,1600000,52800000
480633.75000000006,28,1800000,50400000
1766364.0,61,6500000,396500000
2117648.0,45,3000000,135000000
206938.00000000003,29,1600000,46400000
714653.6739531208,59,2300000,135700000
1187440.0,49,2800000,137200000
866251.0,37,1500000,55500000
1141552.0,37,2300000,85100000
1075484.0,61,1800000,109800000
921902.0,29,2000000,58000000
0.0,57,3100000,176700000
590212.0,39,1500000,58500000
127544.0,29,1450000,42050000
591069.0,34,1600000,54400000
1813151.7857142857,37,2500000,92500000
524868.0,32,1805000,57760000
126176.0,64,2735000,175040000
1137470.0,43,2500000,107500000
722250.0,27,1800000,48600000
462630.0,41,2100000,86100000
789840.0,33,2000000,66000000
981501.0,27,2200000,59400000
325528.0,28,1900000,53200000
655271.111111111,37,2500000,92500000
676172.3333333335,35,2500000,87500000
353224.1346269736,47,1455040,68386880
124954.0,34,1800000,61200000
2066380.0,38,6000000,228000000
696129.9393939396,35,1600000,56000000
1646771.0,75,7000000,525000000
1011340.0,54,1870000,100980000
1246804.0,43,3000000,129000000
278148.0,38,1850000,70300000
441551.0,42,2100000,88200000
876568.0,35,2100000,73500000
253430.00000000003,32,1500000,48000000
859317.0,30,2500000,75000000
505262.66666666674,40,1800000,72000000
499498.5,23,2000000,46000000
280688.4,32,1800000,57600000
505350.0,25,3468000,86700000
239836.95652173914,48,1500000,72000000
1046366.0,44,1900000,83600000
354539.04761904763,45,1700000,76500000
1149526.243902439,35,2400000,84000000
308570.96176774893,32,3000000,96000000
443992.0,38,1870000,71060000
604000.0,48,4000000,192000000
1051810.0,47,3100000,145700000
410370.0,51,3000000,153000000
408216.0,51,1600000,81600000
1399167.0,82,2500000,205000000
599854.0,31,1900000,58900000
1290308.0,30,2000000,60000000
1750692.0,32,3646000,116672000
1085057.819905213,58,8000000,464000000
307238.0,52,3000000,156000000
105609.0,52,1600000,83200000
54998.0,40,1900000,76000000
1287698.0,58,2500000,145000000
270489.6153846154,28,1700000,47600000
376566.66666666674,25,3500000,87500000
26540.0,28,1500000,42000000
426526.0,35,1500000,52500000
763968.217821782,34,3400000,115600000
387975.0,47,2000000,94000000
869796.4390243902,52,1800000,93600000
93692.68965517242,59,3100000,182900000
1127234.0,56,3500000,196000000
287040.0,50,1500000,75000000
785130.0,33,1800000,59400000
543000.0,47,1500000,70500000
639925.2741774677,53,3300000,174900000
353252.0,49,1500000,73500000
370301.01010101015,56,2500000,140000000
793500.0,50,3500000,175000000
988601.25,42,1800000,75600000
93748.0,63,1500000,94500000
522078.0,45,3000000,135000000
448517.0,55,1600000,88000000
561657.8461538461,32,1600000,51200000
813094.0,52,1500000,78000000
431356.0,78,2000000,156000000
372458.0,41,3120000,127920000
677869.0,54,2718000,146772000
334304.7634408602,57,1576000,89832000
567605.6185395132,34,2600000,88400000
656896.0,41,2000000,82000000
679129.0,30,2100000,63000000
371685.08,47,3900000,183300000
500449.0,47,2100000,98700000
811641.9999999999,59,2700000,159300000
332623.8164754953,33,3200000,105600000
27960.0,32,1800000,57600000
426367.09090909094,23,1800000,41400000
1003511.0,44,2700000,118800000
99623.25,31,1800000,55800000
473899.35483870964,34,1600000,54400000
1153400.0,47,3500000,164500000
677829.0,65,1600000,104000000
221704.0,30,1500000,45000000
1086336.0,47,3200000,150400000
688258.0,31,1500000,46500000
382186.0,24,1600000,38400000
152080.3949044586,42,1470000,61740000
987532.0,32,2000000,64000000
1146906.0,48,4120000,197760000
336594.70899470896,37,3000000,111000000
361098.0,26,1500000,39000000
258838.0,47,8000000,376000000
163914.0,39,1440000,56160000
344120.0,31,3000000,93000000
276374.0,54,3000000,162000000
232159.0,58,3127000,181366000
1122858.0,58,2200000,127600000
793590.0,49,3998000,195902000
197539.2972972973,37,3600000,133200000
169547.0,34,1800000,61200000
571285.3333333335,27,1600000,43200000
147114.89361702127,39,1600000,62400000
29680.153846153844,36,1500000,54000000
235234.4210526316,31,1800000,55800000
716068.0,39,2800000,109200000
308542.0,34,1800000,61200000
464252.56410256407,19,1500000,28500000
408110.0,34,1600000,54400000
781314.6666666667,36,1800000,64800000
831644.0,38,2200000,83600000
1434284.0,62,3300000,204600000
1353663.0,30,4300000,129000000
731024.0,46,3800000,174800000
438652.0,29,1500000,43500000
908656.0,44,2479000,109076000
94825.77777777775,61,2000000,122000000
1105244.0,40,2300000,92000000
1092626.0,26,4400000,114400000
485531.0,59,3120336,184099824
288638.0444444444,55,2200000,121000000
920607.0,54,2500000,135000000
966747.0,28,1500000,42000000
696020.0,64,3200000,204800000
1052261.0,46,2800000,128800000
586917.3333333335,39,1500000,58500000
438786.0,42,1800000,75600000
1265879.0,30,1750000,52500000
721569.0,42,2600000,109200000
1153012.6829268294,23,3000000,69000000
577891.0,38,1800000,68400000
231835.8823529412,35,3500000,122500000
799864.849767245,66,1680000,110880000
193750.85714285716,34,2000000,68000000
354883.7429111531,46,1500000,69000000
953568.3540898628,42,5345647,224517174
558000.0,50,6775000,338750000
515324.11320754717,45,2300000,103500000
385735.0,34,6689454,227441436
1075864.0,43,3000000,129000000
415816.56309751427,52,3500000,182000000
1274888.0,33,2400000,79200000
218750.0,24,1500000,36000000
566052.5,46,1500000,69000000
44026.0,60,1500000,90000000
794275.9999999999,44,2260000,99440000
905364.5454545456,33,6000000,198000000
177192.0,33,1900000,62700000
721262.0,35,4475000,156625000
848352.9411764706,56,2500000,140000000
45796.0,32,1500000,48000000
12126.42563704789,29,1500000,43500000
294321.6734693877,60,1800000,108000000
1026656.0,51,1500000,76500000
835715.0,43,1800000,77400000
1378220.0,43,2020000,86860000
327103.0,60,5000000,300000000
236232.0,51,2100000,107100000
791836.5255474453,46,3010000,138460000
809584.1983471075,34,1696000,57664000
665473.4677759696,25,2800000,70000000
798500.9999999999,38,10000000,380000000
683850.0,51,1500000,76500000
846998.0,47,1600000,75200000
0.0,27,2500000,67500000
843042.0,30,2400000,72000000
725792.0,31,2200000,68200000
270130.0,43,2700000,116100000
819378.0,46,2500000,115000000
96651.8,37,1700000,62900000
351429.5324675325,23,1450000,33350000
650892.0,51,1700000,86700000
420532.07021454436,22,1600000,35200000
491546.00000000006,33,1535000,50655000
934652.0,41,2900000,118900000
491503.0,37,2200000,81400000
154376.3076923077,47,3600000,169200000
386509.02463054186,61,1780000,108580000
583304.0,47,4275000,200925000
157290.0,47,1700000,79900000
521400.00000000006,29,4500000,130500000
381984.8421052632,35,2800000,98000000
327849.14285714284,53,4000000,212000000
361575.4002172434,35,2200000,77000000
729640.5882352941,45,1800000,81000000
842193.5294117647,39,4000000,156000000
65698.0,33,4000000,132000000
549685.5762711865,57,2300000,131100000
394356.2152133581,46,1500000,69000000
174468.0,31,1686966,52295946
636458.0,42,2000000,84000000
787100.2999999998,27,2100000,56700000
322752.0,55,1800000,99000000
670220.832346554,58,1800000,104400000
1009624.0,40,3350000,134000000
760409.5844155843,27,1480000,39960000
126095.93333333336,45,3300000,148500000
824797.0,58,1800000,104400000
1223328.0,50,2250000,112500000
488000.0,36,1569000,56484000
346192.64705882355,49,2500000,122500000
1493845.0,38,3800000,144400000
9800.0,52,1600000,83200000
893774.7368421053,36,3500000,126000000
374264.0,49,2500000,122500000
516032.00000000006,59,4000000,236000000
217424.0,60,3800000,228000000
377998.0,40,3800000,152000000
183356.0,48,4800000,230400000
142312.0,34,1600000,54400000
316720.0,28,2000000,56000000
1234702.177024482,26,2155000,56030000
405502.10970464133,21,1600000,33600000
956182.0,39,1500000,58500000
277689.2631578948,30,1600000,48000000
870102.6428571428,40,2700000,108000000
221104.8,52,3000000,156000000
831158.0,42,2600000,109200000
1136576.0,26,3300000,85800000
1084023.5714285714,29,2500000,72500000
1224603.0,37,5000000,185000000
499871.0,47,3100000,145700000
980324.5061511423,47,2514000,118158000
502843.5,36,1500000,54000000
1032790.0,44,2260000,99440000
788685.0,64,3000000,192000000
433175.88235294115,26,2500000,65000000
742768.0,48,4000000,192000000
688890.0,38,1500000,57000000
1699717.333333333,49,6000000,294000000
706523.076923077,38,2400000,91200000
222026.0,42,2500000,105000000
338518.0,30,1600000,48000000
127809.86407234859,62,2748000,170376000
340379.0,38,2100000,79800000
717017.0,53,1600000,84800000
569518.2692307692,28,1500000,42000000
1019452.0,33,2000000,66000000
118598.80000000002,56,1700000,95200000
931786.0,40,3000000,120000000
415100.0,22,1800000,39600000
1091398.0,40,3000000,120000000
546731.3333333333,37,1700000,62900000
310921.95652173914,34,1500000,51000000
638061.5217391305,58,1500000,87000000
343848.0,34,2800000,95200000
510485.0,41,1800000,73800000
661211.1304347826,30,2480000,74400000
850346.0,35,1600000,56000000
291850.95238095237,30,2200000,66000000
598525.0,54,1800000,97200000
919129.2993630574,56,3345000,187320000
247529.4117647059,29,2000000,58000000
641643.4449760766,36,2100000,75600000
160457.2,62,2300000,142600000
747500.0,44,6000000,264000000
652251.5555555556,55,5900000,324500000
945757.4086836664,40,1900000,76000000
457630.0,35,1500000,52500000
666252.0,55,1490000,81950000
776527.1317829456,56,1600000,89600000
399845.5647534058,45,2000000,90000000
245886.85714285716,53,3000000,159000000
693388.0,38,1600000,60800000
293309.0,48,1800000,86400000
231060.46153846156,30,1900000,57000000
1077510.9523809524,30,3000000,90000000
948992.0,40,1500000,60000000
1772570.0,50,11000000,550000000
207162.0,35,3000000,105000000
185240.27027027027,47,1500000,70500000
239453.57142857145,42,3000000,126000000
437104.28284121037,40,1450000,58000000
405666.0,50,3300000,165000000
515455.37254901964,40,1600000,64000000
1155942.0,37,4000000,148000000
109568.0,59,1700000,100300000
868604.5000000001,51,3100000,158100000
731148.0,52,1550000,80600000
614070.0,34,4500000,153000000
1367212.787723785,51,2310000,117810000
1223614.0,52,1700000,88400000
800982.0,51,2750000,140250000
294903.14720812184,41,1600000,65600000
494393.00000000006,59,2800000,165200000
471891.0,28,1600000,44800000
314753.0232558139,29,1800000,52200000
430089.52380952385,29,2200000,63800000
972652.0,55,3300000,181500000
1089767.0,22,1490000,32780000
357752.0,38,1500000,57000000
460909.9634369287,34,1500000,51000000
75480.0,39,4020000,156780000
1236337.0,29,1887000,54723000
275148.2962962963,48,2200000,105600000
453229.43209876545,61,2450000,149450000
346937.34545454546,45,3100000,139500000
713744.0,38,1624511,61731418
1235380.0,41,2400000,98400000
392816.0,36,2000000,72000000
291150.4516129032,39,1600000,62400000
987355.0,30,2000000,60000000
428776.5517241379,51,2800000,142800000
180271.1111111111,47,2000000,94000000
786093.9594025278,34,1611000,54774000
402748.0,48,2500000,120000000
131806.0,37,9000000,333000000
759956.894409938,61,1720000,104920000
451584.0,51,2700000,137700000
85172.0,31,1800000,55800000
660043.0,32,2000000,64000000
539473.0,53,4200000,222600000
941250.0,34,1600000,54400000
2431128.8772845957,42,5700000,239400000
427814.5714285714,33,1500000,49500000
555749.7142857143,39,3600000,140400000
988148.3644805572,57,2756000,157092000
296390.0,42,1480000,62160000
144613.0,54,2100000,113400000
648930.6885245901,61,3600000,219600000
1142601.0,72,3000000,216000000
2784997.0,60,11000000,660000000
1213279.0,36,1700000,61200000
1024800.0,41,4015000,164615000
600855.0,38,1500000,57000000
38991.673469387766,34,2400000,81600000
373430.0,25,1500000,37500000
216987.42857142852,29,3200000,92800000
766760.0,57,3200000,182400000
107600.0,44,3000000,132000000
776290.0,34,2000000,68000000
1233860.0,45,2000000,90000000
947912.4,55,2600000,143000000
505588.275862069,53,2100000,111300000
311216.0,29,2500000,72500000
345420.0,37,1822000,67414000
1351144.0,55,2000000,110000000
10048.695652173912,39,1500000,58500000
738316.0,57,2000000,114000000
945880.0,58,1624000,94192000
809168.0,52,3260000,169520000
251064.0,64,3000000,192000000
309398.5,60,2800000,168000000
745392.0,51,2900000,147900000
606636.0,24,2400000,57600000
250114.8840688108,50,1700000,85000000
499171.5789473684,51,1500000,76500000
796252.0,28,2000000,56000000
279659.0909090909,32,1500000,48000000
318161.2244897959,26,1550000,40300000
1918650.0,38,6580000,250040000
881686.0,30,1500000,45000000
339415.19999999995,31,2000000,62000000
519231.36363636365,34,1500000,51000000
595559.0,33,1550000,51150000
1116874.0,56,1600000,89600000
418788.0,64,3000000,192000000
355732.63261375617,22,1686966,37113252
261422.0,57,2500000,142500000
1228787.0,46,2800000,128800000
657178.0,55,2400000,132000000
544649.4117647059,42,2800000,117600000
609741.6216216218,45,1750000,78750000
1039966.2295081968,37,1800000,66600000
682722.0,50,1500000,75000000
974200.0,56,5200000,291200000
179310.0,30,4200000,126000000
588476.0,36,1624000,58464000
124120.0,51,2300000,117300000
1419120.0,53,6000000,318000000
75336.0,39,1650000,64350000
394302.41176470596,52,4300000,223600000
374877.0,28,1700000,47600000
1188776.0,38,1800000,68400000
503641.5662650602,57,2500000,142500000
1169874.0,64,5000000,320000000
264631.11111111107,55,2000000,110000000
703914.1221374045,35,3500000,122500000
2090366.32,29,3800000,110200000
305587.584,58,3100000,179800000
571022.2222222221,26,2000000,52000000
605564.5901639345,38,1600000,60800000
268086.0,30,1500000,45000000
650000.0,27,2500000,67500000
1475755.0,44,2500000,110000000
508919.0,41,2900000,118900000
1564755.0,34,4440000,150960000
441924.0,41,1950000,79950000
140000.0,31,1500000,46500000
1156392.6315789474,28,2800000,78400000
315052.0,52,3500000,182000000
969796.0,24,1500000,36000000
450771.4285714285,32,2000000,64000000
41100.0,57,1500000,85500000
203752.0,23,1500000,34500000
433300.0,26,1700000,44200000
877531.0000000001,55,3120000,171600000
464980.0,29,2400000,69600000
376348.0,48,3000000,144000000
668992.0,52,2400000,124800000
833200.0,30,2000000,60000000
928021.0,41,1700000,69700000
94220.0,39,2750000,107250000
1095878.0,61,3325000,202825000
467064.375,31,1700000,52700000
149548.23529411765,55,1800000,99000000
603894.0,28,1600000,44800000
125225.36585365851,46,3200000,147200000
233136.6923076923,50,1700000,85000000
388335.0,58,2000000,116000000
497406.66056164657,24,1500000,36000000
342796.0,37,4700000,173900000
391781.0,32,1500000,48000000
276446.6008805015,45,1466741,66003345
164081.67204757858,49,1504000,73696000
577240.9411764706,42,2700000,113400000
1421868.6,58,3900000,226200000
1523169.0,58,2300000,133400000
500200.0,54,2000000,108000000
934028.0,58,2000000,116000000
261371.5789473684,28,2000000,56000000
0.0,49,3100000,151900000
582165.7142857143,28,1600000,44800000
531472.0,29,1600000,46400000
470876.0,40,2600000,104000000
643880.0,45,2000000,90000000
396408.66666666674,32,5000000,160000000
1354876.346153846,48,2200000,105600000
1297231.0,42,2000000,84000000
637361.0,43,2100000,90300000
475777.21998612076,52,1682000,87464000
611000.0,77,2000000,154000000
1169938.0,63,3000000,189000000
217426.0,36,3300000,118800000
911640.0,29,2800000,81200000
1405730.0,27,2500000,67500000
488911.7158671586,57,1800000,102600000
186386.4,37,1500000,55500000
409672.0,37,2500000,92500000
855907.9999999999,39,2800000,109200000
1066627.0,29,1800000,52200000
1126776.0,30,1700000,51000000
605397.2727272727,53,2000000,106000000
896380.0,43,3800000,163400000
405642.0,34,1500000,51000000
589333.9540657977,35,4000000,140000000
932638.0,42,2500000,105000000
132296.0,45,2800000,126000000
616690.2000000001,58,2800000,162400000
813560.0000000001,53,1500000,79500000
710506.0,40,1800000,72000000
621680.3720930233,64,1600000,102400000
171200.0,56,2800000,156800000
395642.0,35,1600000,56000000
215438.90909090915,61,1600000,97600000
994572.0,57,3400000,193800000
304746.14634146343,24,1650000,39600000
169547.0,36,1800000,64800000
1054600.0,33,2000000,66000000
622576.9253910951,38,1700000,64600000
1188157.2972972973,56,3500000,196000000
974900.0,47,2300000,108100000
968991.1167512692,29,2500000,72500000
738855.0,27,1900000,51300000
205012.0,63,8074000,508662000
372608.0,43,1700000,73100000
215224.0,49,2000000,98000000
169824.2857142857,32,2000000,64000000
144016.21621621618,28,2000000,56000000
758936.4944793436,52,7499856,389992512
713400.0,39,3114000,121446000
117734.86597938144,37,2300000,85100000
133750.0,39,1800000,70200000
488844.0,32,1800000,57600000
500000.0,25,1600000,40000000
12018.823529411766,36,1600000,57600000
479440.0,42,4500000,189000000
1118973.0,30,2800000,84000000
702420.0,58,1500000,87000000
344457.20930232556,35,2700000,94500000
188930.27027027032,30,1500000,45000000
173694.6666666667,46,1700000,78200000
739912.0,55,2600000,143000000
175000.0,25,1700000,42500000
737722.0,58,3800000,220400000
461128.0,45,2000000,90000000
51360.0,63,3000000,189000000
565816.0,47,1800000,84600000
384710.4,45,2000000,90000000
269854.0,51,2000000,102000000
231300.0,24,1800000,43200000
384166.3404255319,60,3300000,198000000
133064.0,35,3400000,119000000
407668.6046511628,58,2500000,145000000
381674.0,30,1995000,59850000
725296.6832298136,36,2020000,72720000
727211.0,30,1500000,45000000
319260.0,26,1600000,41600000
1675786.0,54,5500000,297000000
769625.9692577955,35,3704000,129640000
601482.24,35,1800000,63000000
815200.0,56,2700000,151200000
827495.0,39,2000000,78000000
732864.6428571428,33,5000000,165000000
1396524.0,40,2500000,100000000
217120.0,30,1441100,43233000
1059640.0,53,2200000,116600000
320049.0,29,1800000,52200000
457527.0,35,4500000,157500000
392105.01176470594,28,1900000,53200000
334947.0967741936,31,1600000,49600000
742566.0909090909,57,2900000,165300000
946473.75,33,4500000,148500000
245502.0,55,3000000,165000000
867776.0,41,1500000,61500000
555516.0,33,2399000,79167000
118773.0,29,2500000,72500000
890868.0,45,2689000,121005000
1655193.4545454546,43,4000000,172000000
636140.0,31,1950000,60450000
518963.7894736842,22,2200000,48400000
683122.0,39,3800000,148200000
240062.08695652173,26,2200000,57200000
468509.72222222225,48,2500000,120000000
759873.0,33,1500000,49500000
300680.5714285714,29,1500000,43500000
514084.2352941176,45,2400000,108000000
384700.0,33,4800000,158400000
943840.0,33,1700000,56100000
1398496.6875,21,2200000,46200000
1374709.0,60,2000000,120000000
248200.8,36,1500000,54000000
263735.64935064927,58,4500000,261000000
510328.0,44,2000000,88000000
46184.92682926829,36,1800000,64800000
865449.9999999999,31,1500000,46500000
681362.9268292682,45,2800000,126000000
598209.0,28,2500000,70000000
576482.0,32,2059200,65894400
459672.00000000006,58,3200000,185600000
866577.7630057805,46,1860000,85560000
226244.0,45,1800000,81000000
1447286.0,64,4250000,272000000
587035.0,55,2500000,137500000
434868.041958042,64,2700000,172800000
842690.6666666667,28,1600000,44800000
234330.0,47,2100000,98700000
934404.6153846155,50,4000000,200000000
960530.0,41,1500000,61500000
517500.0,48,1800000,86400000
533010.3636363636,34,2300000,78200000
488578.89379029523,27,2000000,54000000
226794.0,38,1600000,60800000
673860.0,37,3500000,129500000
1955130.0,59,9590000,565810000
576412.4229276091,31,1500000,46500000
469385.31428571424,23,2300000,52900000
772674.4077520292,59,2332000,137588000
394575.48387096776,58,1600000,92800000
484303.6097560976,37,1600000,59200000
767215.0,61,6000000,366000000
202296.875,52,5500000,286000000
201316.0,40,1800000,72000000
813117.7714285714,34,1700000,57800000
517018.00000000006,32,3000000,96000000
250700.0,37,1800000,66600000
1029556.0,50,1500000,75000000
78810.625,45,3000000,135000000
932854.0,60,3000000,180000000
910578.0,30,1650000,49500000
348112.8834355829,22,1560000,34320000
834394.0,51,2130000,108630000
1028704.0,34,2500000,85000000
934633.0,35,2500000,87500000
726476.7272727273,56,2400000,134400000
533774.0,42,1500000,63000000
454992.46911203477,34,1800000,61200000
1060912.0,62,3100000,192200000
305028.0,26,3000000,78000000
350960.0,38,1500000,57000000
571464.7878787878,31,1700000,52700000
901561.0,23,1800000,41400000
436854.0,44,1500000,66000000
642890.0,41,2500000,102500000
982369.0,30,2000000,60000000
669497.5,36,4000000,144000000
282613.2635983264,42,1700000,71400000
800409.5503875971,44,2950000,129800000
359214.7619047619,46,2600000,119600000
1085663.0,24,1500000,36000000
464866.2857142858,34,2000000,68000000
753000.0,32,1500000,48000000
1103565.0,53,2183000,115699000
582247.2795497185,25,2200000,55000000
387830.8212804077,55,2300000,126500000
298343.8596491228,55,1600000,88000000
354040.0,58,2300000,133400000
441486.2031570068,32,1800000,57600000
490720.00000000006,25,3500000,87500000
448076.875,27,2000000,54000000
72040.0,60,3000000,180000000
385391.00000000006,31,1450000,44950000
502637.504587156,44,2940000,129360000
607579.3469387755,33,1800000,59400000
518014.0,32,5700000,182400000
661240.8358208955,56,5700000,319200000
286300.0,55,3400000,187000000
713110.0,38,2300000,87400000
1241456.0,32,1800000,57600000
342931.0,56,1800000,100800000
1252980.0,34,2500000,85000000
420253.6192068801,63,1850000,116550000
751552.0,30,1800000,54000000
442358.5714285714,26,1500000,39000000
475200.0,31,4000000,124000000
1052120.0,58,5000000,290000000
283445.40740740736,24,1700000,40800000
609468.0,39,2100000,81900000
500399.85572843,30,1659000,49770000
692702.0,55,3819292,210061060
193410.1052631579,36,2200000,79200000
370965.0,58,3500000,203000000
606332.0,30,2000000,60000000
350837.6470588235,24,1600000,38400000
402934.0,52,1535000,79820000
1150578.0,33,2068000,68244000
837748.0,41,2500000,102500000
324285.0,61,5700000,347700000
893940.0,49,2100000,102900000
339586.0,53,1750000,92750000
904874.0,42,1680000,70560000
363647.1904177338,32,1500000,48000000
343849.0,60,1500000,90000000
358085.44444444444,39,2200000,85800000
73616.0,27,1580000,42660000
105930.0,51,1600000,81600000
536235.7235421166,55,3100000,170500000
738688.5818181819,37,2700000,99900000
737889.4925809423,29,3300000,95700000
22366.451612903224,36,1800000,64800000
368569.2413793103,54,1800000,97200000
1577632.0000000002,27,2300000,62100000
877120.0,58,3351251,194372558
927202.9090909092,45,9000000,405000000
1017750.0,44,2300000,101200000
682393.6,45,1700000,76500000
353346.0,39,1700000,66300000
177710.0,54,2000000,108000000
379285.7142857143,35,5000000,175000000
589535.4705882353,44,2800000,123200000
263355.9848038953,52,3000000,156000000
386772.00000000006,37,1500000,55500000
464870.0,56,2700000,151200000
626046.0,25,2100000,52500000
558539.0,36,1500000,54000000
241240.7547169811,45,1600000,72000000
677914.0,35,1800000,63000000
412526.25,31,1700000,52700000
105020.0,39,3500000,136500000
614490.0,34,2800000,95200000
1288410.0,35,3000000,105000000
273705.3333333334,37,2000000,74000000
819831.7508644812,40,3238433,129537320
1434518.0,49,2200000,107800000
563968.0,27,1490000,40230000
731235.0,42,4500000,189000000
102720.0,58,3800000,220400000
348860.0,53,7100000,376300000
738414.8571428572,52,4000000,208000000
329132.0,56,1600000,89600000
507822.0,52,1800000,93600000
743110.0,41,1600000,65600000
507631.25,52,2000000,104000000
196822.66666666663,58,2400000,139200000
379019.0,49,1500000,73500000
291566.7692307692,26,1800000,46800000
782640.0,28,4500000,126000000
176472.0,42,4000000,168000000
380000.0,34,3959000,134606000
1865442.0,36,5000000,180000000
839694.0,30,2600000,78000000
450000.0,34,4300000,146200000
48739.99999999999,47,1520000,71440000
596476.0,36,3400000,122400000
644685.7142857143,37,4000000,148000000
506741.00000000006,49,3100000,151900000
249980.0,63,3000000,189000000
1419018.0,42,2646219,111141198
641140.0,36,3000000,108000000
1162660.0,51,2000000,102000000
1168448.4337349394,60,5800000,348000000
620788.0,45,9300000,418500000
362078.0,56,1456000,81536000
312885.1821862348,51,1980000,100980000
1323077.0,48,1800000,86400000
647569.375,55,8000000,440000000
384269.0,50,2600000,130000000
384108.0,48,1624000,77952000
1044607.0,55,2800000,154000000
551301.0126582278,27,5800000,156600000
145033.2558139535,48,1500000,72000000
478397.0,43,2800000,120400000
748000.0,39,2500000,97500000
726192.0,21,1700000,35700000
292043.4782608696,53,2500000,132500000
268114.6666666666,60,1500000,90000000
40000.0,61,2900000,176900000
75216.0,45,4000000,180000000
733054.3431903862,36,1600000,57600000
2066524.0,35,3000000,105000000
673435.2,31,1500000,46500000
518308.00000000006,24,2500000,60000000
619485.3333333335,53,7000000,371000000
960882.0,40,6000009,240000360
303172.0,55,1800000,99000000
1007626.1818181819,26,4000000,104000000
195201.0,43,2000000,86000000
195819.0,55,2426000,133430000
403905.4147465438,29,1500000,43500000
967118.2127659572,58,3100000,179800000
853463.0000000001,29,1500000,43500000
615990.0,56,1500000,84000000
814270.0,33,2250000,74250000
717412.0,25,1680000,42000000
374375.0,39,2500000,97500000
679057.0,52,3100000,161200000
298466.0,45,3000000,135000000
743838.8571428572,45,2000000,90000000
1276503.3,40,7200000,288000000
1165493.0,53,3200000,169600000
466553.9047619048,35,2300000,80500000
1025772.0,50,1622000,81100000
653426.6666666667,34,2000000,68000000
478668.0,53,4304000,228112000
119803.77358490565,63,2000000,126000000
603500.0,51,3120000,159120000
468913.1428571429,52,1600000,83200000
177010.45871559632,30,1500000,45000000
418996.0,42,1450000,60900000
16901.408450704224,38,4000000,152000000
755695.0,41,1500000,61500000
327734.4571428572,33,2600000,85800000
482503.66666666674,43,3000000,129000000
602147.7338476374,41,3200000,131200000
343492.0,37,1460000,54020000
303712.0,25,1500000,37500000
145150.77966101695,27,1800000,48600000
984956.0,28,2200000,61600000
933044.0,36,2500000,90000000
786437.8712871288,40,3500000,140000000
1489287.0,48,2200000,105600000
767424.0,25,2400000,60000000
884136.8421052631,28,2000000,56000000
776370.0,58,6104000,354032000
448408.4210526316,52,2000000,104000000
165140.0,47,3200000,150400000
971687.2274143301,46,2200000,101200000
414183.38709677424,42,1500000,63000000
221564.0,38,1670000,63460000
416004.0,58,3800000,220400000
286473.39622641506,39,1900000,74100000
657622.0,52,2950000,153400000
1481705.4430379746,36,2668000,96048000
435894.0,55,8300000,456500000
756030.0,47,1800000,84600000
885722.0,53,2080000,110240000
335625.9434424404,29,1624000,47096000
81066.55546288574,29,3000000,87000000
1695033.0,54,4000000,216000000
818582.0,36,2400000,86400000
3845280.0,62,6000000,372000000
739482.9943903823,31,1500000,46500000
1099599.8745688305,28,1600000,44800000
486573.75,25,1800000,45000000
1255634.705882353,34,5000000,170000000
34668.0,43,1800000,77400000
598803.5714285715,32,2000000,64000000
161828.0,39,2000000,78000000
305633.2075471698,24,1600000,38400000
391421.0,47,2200000,103400000
536658.0,52,1500000,78000000
116727.27272727274,55,1500000,82500000
1131391.8251974015,28,2479198,69417544
1120790.0,30,2600000,78000000
914680.0,50,2300000,115000000
367731.6,20,1800000,36000000
319531.5,31,1624511,50359841
622354.0681818182,46,3800000,174800000
533540.5363984674,43,4900000,210700000
1293045.0,68,1800000,122400000
19260.0,56,1700000,95200000
363924.20833333326,28,2300000,64400000
869951.5967110415,31,1414000,43834000
483460.0,33,2400000,79200000
19454.545454545456,47,1500000,70500000
276385.33116883115,30,2230000,66900000
515364.0,30,1800000,54000000
394352.0,51,2100000,107100000
481203.6923076924,30,1800000,54000000
137094.1463414634,31,1500000,46500000
818886.9318181819,44,5000000,220000000
1087578.0,31,2000000,62000000
625374.5743057675,22,1960000,43120000
875689.0,36,2000000,72000000
734235.0,41,2280000,93480000
737651.5769230769,36,1700000,61200000
667728.5588900996,52,1500000,78000000
715152.0,24,3500000,84000000
426706.0,51,2000000,102000000
1064257.0,35,1500000,52500000
210455.1282051282,41,2500000,102500000
98226.0,38,1800000,68400000
128338.0,46,1500000,69000000
101796.0,54,1600000,86400000
400000.0,63,3000000,189000000
1020384.0,73,5000000,365000000
349814.0,54,1800000,97200000
482581.0,28,1500000,42000000
527865.0,22,2600000,57200000
337624.79069767444,32,4400000,140800000
716358.5348837209,38,2300000,87400000
278208.0,23,1800000,41400000
599304.0,23,1500000,34500000
1882406.0,37,3300000,122100000
980956.6666666665,49,3500000,171500000
481456.0,38,9000000,342000000
619452.0,24,1800000,43200000
414525.0,34,1800000,61200000
299814.0,54,3750000,202500000
394600.0,19,1500000,28500000
168204.0,41,4000000,164000000
1054780.0,28,1800000,50400000
220206.0,50,1800000,90000000
416408.0,52,2200000,114400000
1182413.0,31,2100000,65100000
536346.0,63,7000000,441000000
459038.60869565216,39,1600000,62400000
330788.88888888893,60,2500000,150000000
464841.45,25,1800000,45000000
398254.0,58,1800000,104400000
404818.2068965517,35,1600000,56000000
735232.6666666665,59,1600000,94400000
409366.0,27,1700000,45900000
243823.77049180327,31,1500000,46500000
750000.0,49,5000000,245000000
335299.0,34,1500000,51000000
634652.3404255318,38,2000000,76000000
2238710.0,35,4000000,140000000
323552.2727272727,51,2500000,127500000
417728.0,49,16000000,784000000
0.0,43,2200000,94600000
721048.0,41,6115000,250715000
677486.0,36,3200000,115200000
423836.0,48,3600000,172800000
519744.0,53,2500000,132500000
186172.49086161877,32,2080000,66560000
250166.0,38,2500000,95000000
372605.33333333343,30,2000000,60000000
881680.0,57,4000000,228000000
2046665.0,29,3000000,87000000
0.0,54,3100000,167400000
1432800.0,34,4032000,137088000
336393.85714285716,50,3000000,150000000
515818.4,53,3000000,159000000
738038.0,32,1800000,57600000
626533.1081081082,42,2500000,105000000
243427.8846153846,40,2500000,100000000
146697.0,48,1600000,76800000
589465.2000000001,29,2000000,58000000
196834.66666666672,36,3000000,108000000
201574.0,53,2266000,120098000
898600.0,26,2000000,52000000
495838.0,34,1500000,51000000
404653.36470588244,47,2800000,131600000
210304.01647785786,22,3000000,66000000
438709.98743718595,34,1650000,56100000
882828.9999999999,44,1500000,66000000
382246.0,34,3647000,123998000
883360.0,48,2100000,100800000
400000.0,29,2000000,58000000
439394.0,31,1500000,46500000
848731.7735849057,30,2800000,84000000
522615.0857142857,45,1900000,85500000
1121074.0,36,1800000,64800000
953445.0,60,3572185,214331100
211756.09756097558,28,2400000,67200000
503281.26315789466,47,1650000,77550000
392690.00000000006,44,10600000,466400000
346160.0,54,2000000,108000000
294158.08333333326,31,1700000,52700000
615988.0,29,3000000,87000000
353541.2900602948,51,2000000,102000000
300840.0,31,3000000,93000000
301048.3783783784,40,1500000,60000000
706813.539192399,36,2000000,72000000
485324.0,62,1800000,111600000
736602.1014161719,29,1500000,43500000
1035988.8,54,3000000,162000000
157343.74999999994,34,2500000,85000000
847237.9999999999,42,3000000,126000000
27762.162162162163,35,1500000,52500000
552338.0,31,1600000,49600000
274837.45575485483,63,3120000,196560000
868112.0,68,6000000,408000000
509220.0,41,1500000,61500000
418490.2857142858,37,1600000,59200000
192578.61362371023,48,1800000,86400000
282206.375,42,1700000,71400000
205748.57142857145,43,1500000,64500000
483392.00000000006,33,1800000,59400000
52727.835745116965,36,4400000,158400000
924494.0,44,2100000,92400000
288002.77034649474,47,1746000,82062000
586721.25,40,2000000,80000000
129568.661971831,46,5000000,230000000
180169.23076923078,38,3500000,133000000
231173.5,28,4000000,112000000
1042775.0,37,1700000,62900000
349020.0,21,1436000,30156000
427224.0,45,2600000,117000000
921193.0,37,2300000,85100000
36139.2,59,3000000,177000000
346132.19006788137,38,2000000,76000000
581195.0991957105,45,1765000,79425000
425114.0,50,1732000,86600000
164784.0,47,2300000,108100000
476370.0,36,1525000,54900000
830496.0000000001,48,6000000,288000000
306440.0,48,3100000,148800000
741980.0,43,2000000,86000000
469573.7538866065,48,1800000,86400000
1203840.0,42,2375000,99750000
614040.0,60,5000000,300000000
732073.2452830189,36,3300000,118800000
319550.1222493888,36,2000000,72000000
307267.0,29,1486000,43094000
497719.1011235955,34,2200000,74800000
0.0,53,1500000,79500000
673474.0,54,2050000,110700000
81017.36435625945,42,3239000,136038000
591865.0,38,1500000,57000000
129707.0,53,2000000,106000000
158003.33333333337,60,2500000,150000000
212424.6575342466,56,3000000,168000000
676315.2416356875,45,2000000,90000000
589236.0,31,1800000,55800000
400000.0,26,18000000,468000000
1073732.0,34,2100000,71400000
579040.0,44,3200000,140800000
603775.0,44,1800000,79200000
422120.0,38,2000000,76000000
998415.0,35,3000000,105000000
575446.0,50,3200000,160000000
513461.94632021314,57,4993000,284601000
338458.75,23,1500000,34500000
560510.5263157893,43,2500000,107500000
509964.0,56,1700000,95200000
716508.0,38,4000000,152000000
272209.73684210534,40,3600000,144000000
1140737.0,24,1600000,38400000
325260.0,31,2500000,77500000
99339.21874784287,41,2663029,109184189
585892.0,59,1800000,106200000
381276.0,34,2500000,85000000
522889.0,49,12000000,588000000
857117.0,45,7500000,337500000
1680734.0,52,25000000,1300000000
482089.55223880603,46,3800000,174800000
663247.5743629521,27,82041600,2215123200
622689.0,41,8274000,339234000
555348.5714285715,37,2400000,88800000
1145155.0303030305,31,1700000,52700000
452077.7453838678,47,1500000,70500000
575296.7128027682,44,3000000,132000000
408671.2,22,2000000,44000000
646918.0,61,3120000,190320000
415704.6153846154,42,4000000,168000000
89822.0,58,2000000,116000000
281772.94354215014,29,2086000,60494000
1034094.0,28,2770000,77560000
182908.01781737196,31,2690000,83390000
679822.0,43,1800000,77400000
1039622.1176470588,32,6000000,192000000
369914.5161290322,26,1500000,39000000
1044971.0,35,1800000,63000000
470410.0,40,1500000,60000000
1756611.666666667,36,20000000,720000000
271320.0,35,4000000,140000000
736194.0602251741,29,1600000,46400000
572954.6842105263,28,1800000,50400000
873064.9999999999,31,2400000,74400000
2451297.1282051285,62,3400000,210800000
78752.0,29,1500000,43500000
552088.0,50,3000000,150000000
498192.0,35,1800000,63000000
684676.0,63,30000000,1890000000
676561.0,63,1800000,113400000
453661.875,33,1500000,49500000
1155585.0,58,2800000,162400000
11400.0,56,1800000,100800000
253804.0,30,1555000,46650000
644468.2059166611,28,2439394,68303032
525658.5555715727,31,2200000,68200000
147485.306122449,58,2200000,127600000
632838.1935483871,44,1600000,70400000
304945.43661971827,64,3360000,215040000
345564.0,54,1500000,81000000
300410.0,29,2900000,84100000
527756.0,38,1800000,68400000
478463.17435496475,25,1800000,45000000
758416.0,54,3125000,168750000
375142.0,44,2546000,112024000
937001.9852941177,37,3500000,129500000
548956.0,34,2330000,79220000
669080.160794514,38,2000000,76000000
282677.0,42,2000000,84000000
359726.6361852011,50,1800000,90000000
1655070.0,64,3200000,204800000
214759.09090909094,46,6000000,276000000
252962.4,51,1800000,91800000
2500.0,32,1500000,48000000
342994.0,33,2000000,66000000
317520.0,60,3120000,187200000
586380.0,39,2500000,97500000
646511.0208333333,47,1900000,89300000
680513.5321100918,51,1500000,76500000
582095.9791666665,29,2300000,66700000
1159928.0,53,4300000,227900000
505766.0,59,1600000,94400000
276574.71428571426,23,1500000,34500000
651374.0,53,2600000,137800000
255311.1052631579,51,1550000,79050000
0.0,32,1500000,48000000
287602.7,27,2100000,56700000
306891.78133134986,47,2000000,94000000
541339.4446892905,28,1600000,44800000
321846.8181818182,52,3000000,156000000
849594.193548387,27,1900000,51300000
1067162.0,51,1860000,94860000
513466.0,50,2500000,125000000
514563.0,52,1900000,98800000
368154.0,57,1500000,85500000
531062.2916666665,36,7000000,252000000
224914.0,31,4000000,124000000
806724.0,31,2043000,63333000
289190.76923076925,35,1800000,63000000
555221.376103511,38,1500000,57000000
184143.0,39,1500000,58500000
673451.9298245613,47,3700000,173900000
1651528.0,49,2500000,122500000
217210.0,37,1800000,66600000
572426.0,51,1900000,96900000
210200.0,51,1800000,91800000
100800.0,37,2000000,74000000
110138.45463738238,64,2300000,147200000
849525.0,40,1900000,76000000
245152.47524752477,41,2800000,114800000
1693382.0000000002,58,3000000,174000000
98868.0,52,3300000,171600000
171573.375,61,3100000,189100000
240729.0,26,2600000,67600000
317827.5,47,3000000,141000000
705934.0,30,1500000,45000000
159451.0,41,1900000,77900000
479943.0,43,1474000,63382000
558430.0,44,2800000,123200000
190693.62162162163,59,4600000,271400000
531252.3333333333,21,2200000,46200000
1050050.0,30,5400000,162000000
426448.59205776174,33,2724000,89892000
944695.0,43,6000000,258000000
178370.6229508197,47,1600000,75200000
762530.0,36,1550000,55800000
107316.0,30,2600000,78000000
357181.2173913043,30,1600000,48000000
12840.0,49,18000000,882000000
1296301.4925373136,55,4000000,220000000
453378.0,38,1600000,60800000
674886.6666666667,42,11000000,462000000
1567760.0,32,3000000,96000000
449252.30769230775,34,2700000,91800000
728632.5653969711,46,1490000,68540000
108187.5,43,3000000,129000000
469449.25427428156,31,1500000,46500000
367378.0,47,1700000,79900000
694858.0,49,1600000,78400000
285731.0,53,1522000,80666000
362561.0,43,1600000,68800000
183040.0,30,1600000,48000000
484068.0,52,7500000,390000000
257623.0769230769,50,4000000,200000000
862533.0,28,2000000,56000000
412667.0,23,1800000,41400000
1286398.0,41,3200000,131200000
7769346.0,39,15000000,585000000
809260.7441860465,36,1800000,64800000
890356.0,26,2000000,52000000
445041.03680253273,44,1427000,62788000
903050.357142857,28,1800000,50400000
901037.7272727272,57,1500000,85500000
419800.0,25,1800000,45000000
158143.84725886668,31,2000000,62000000
978884.0,39,1600000,62400000
606329.3871523505,25,2100000,52500000
265520.0,42,2500000,105000000
513560.0,30,1500000,45000000
154129.83870967742,51,1500000,76500000
426567.5862068966,36,2000000,72000000
472106.66666666674,64,3000000,192000000
419748.64516129036,28,1700000,47600000
1167346.0,69,2000000,138000000
284286.7936507936,33,2200000,72600000
223931.27937336813,31,1530000,47430000
556712.5714285715,30,1500000,45000000
394496.00000000006,32,1500000,48000000
890180.5769230769,30,3500000,105000000
278195.8846153846,43,1850000,79550000
332962.73291925463,46,1500000,69000000
945194.0,32,1564000,50048000
564481.0666666668,36,1600000,57600000
146145.2142857143,43,1800000,77400000
758934.0,29,1500000,43500000
629328.0,36,1600000,57600000
530098.5714285714,45,2000000,90000000
485276.629889669,29,2800000,81200000
622232.0,39,1500000,58500000
335855.0,41,1500000,61500000
662238.0000000001,38,2400000,91200000
282700.0,22,2200000,48400000
323540.0,30,1800000,54000000
857252.0,55,1500000,82500000
431589.33333333326,40,1600000,64000000
343550.0,33,2150000,70950000
250852.0,55,1500000,82500000
1340512.0,36,6100000,219600000
473298.0,43,1760000,75680000
690860.7228915663,40,1625000,65000000
594149.790356394,41,2300000,94300000
360358.0,58,1700000,98600000
421906.8041237113,52,1600000,83200000
732367.5862068966,29,4000000,116000000
494861.00000000006,39,3200000,124800000
849586.1153846155,38,1700000,64600000
500400.00000000006,45,1800000,81000000
713777.7777777779,29,2500000,72500000
971522.1976744186,49,3900000,191100000
224435.64705882352,38,1800000,68400000
300000.0,34,3500000,119000000
961321.0,36,6000000,216000000
556800.0,52,3000000,156000000
682980.0,42,2000000,84000000
667325.7142857143,42,2000000,84000000
533790.0,57,4000000,228000000
233858.0,32,3000000,96000000
333840.0,46,3200000,147200000
770926.0,47,1500000,70500000
769690.5483870968,62,4600000,285200000
349743.4805747738,52,3000000,156000000
429982.7788402232,47,1810000,85070000
1996299.0,28,9000000,252000000
354036.2033898305,31,1800000,55800000
1006927.0,28,2000000,56000000
769840.0000000001,27,3000000,81000000
485531.0,61,3120336,190340496
150870.0,31,1500000,46500000
913108.0,26,1640000,42640000
435059.0,61,2000000,122000000
128400.0,44,3900000,171600000
875804.0,63,2739000,172557000
1097107.6923076923,38,1600000,60800000
294250.0,25,2000000,50000000
451179.4285714286,31,3000000,93000000
126392.06180308088,31,1600000,49600000
542948.7058823529,31,1600000,49600000
345860.0,52,3120000,162240000
70560.0,35,3200300,112010500
205050.0,32,4000000,128000000
591145.0,39,3000000,117000000
191572.0,53,2700000,143100000
576284.9285714285,52,3800000,197600000
532742.0,30,2800000,84000000
441504.0,42,2500000,105000000
213607.22727272726,26,1800000,46800000
1290340.0,34,4000000,136000000
406469.5172413793,42,1600000,67200000
823133.0566037736,34,3800000,129200000
2927100.9999999995,42,5000000,210000000
983828.5,59,3200000,188800000
453856.0,33,2418000,79794000
684368.0000000001,48,2700000,129600000
502900.0,38,3800000,144400000
538359.7759593729,25,3300000,82500000
269853.0536585366,43,2425000,104275000
281476.875,45,1500000,67500000
476150.0,52,2600000,135200000
114622.5,29,1500000,43500000
667714.0,39,1540000,60060000
615046.0,53,2450000,129850000
206857.5,52,1500000,78000000
285898.0,34,1450000,49300000
446574.0,42,2000000,84000000
608006.25,33,1500000,49500000
867827.8125,31,4500000,139500000
633254.0366972478,56,7000000,392000000
685309.0,36,1800000,64800000
427682.0,26,2300000,59800000
411641.5172413793,33,1700000,56100000
507870.0,28,3700000,103600000
49316.7701863354,32,2000000,64000000
166490.0,56,1500000,84000000
1286336.0,34,6000000,204000000
419007.6326530613,57,3700000,210900000
699683.0,46,2900000,133400000
784363.125,56,3000000,168000000
688259.0,38,2000000,76000000
803701.2195121952,56,2500000,140000000
69208.0,34,1500000,51000000
1552086.0,60,4500000,270000000
74853.72972972973,35,1800000,63000000
222796.0,37,2200000,81400000
199779.6,35,1500000,52500000
532970.0,49,2000000,98000000
225330.13698630137,43,2500000,107500000
569963.0,59,2600000,153400000
727848.0,26,1500000,39000000
636883.75,29,4000000,116000000
1136912.0,28,2000000,56000000
165980.0,28,1500000,42000000
144942.85714285713,38,3000000,114000000
941600.0,58,7050000,408900000
555461.2334801762,54,1500000,81000000
337631.5789473684,34,2500000,85000000
670392.3233383637,40,1992000,79680000
772711.0,24,1500000,36000000
278628.0,58,2000000,116000000
1441187.0000000002,39,4800000,187200000
170724.0,37,2000000,74000000
952678.0,35,2000000,70000000
1124830.0,37,2000000,74000000
426300.0,45,2500000,112500000
338703.1760435571,42,2200000,92400000
316720.0,36,3000000,108000000
156635.5091383812,39,1750000,68250000
582008.0,56,1577000,88312000
659500.0,50,3000000,150000000
419455.07119386643,45,3800000,171000000
875003.5074626865,48,2700000,129600000
145897.42867206762,31,2200000,68200000
399377.5690613898,32,2000000,64000000
199498.35294117645,50,1600000,80000000
331900.4615384616,40,2200000,88000000
372722.0,59,3500000,206500000
214394.4,45,2000000,90000000
468311.07205623906,25,2500000,62500000
467040.0,26,1800000,46800000
601596.1739130436,33,1900000,62700000
240700.0,28,3021942,84614376
912108.0,31,2000000,62000000
246668.0,28,3000000,84000000
611184.0,42,1600000,67200000
212198.0,33,2300000,75900000
112350.0,36,1900000,68400000
600702.0,31,2000000,62000000
1049738.0,49,2600000,127400000
877410.0,35,3000000,105000000
827223.2727272727,27,2000000,54000000
335813.8933764136,52,12000000,624000000
127120.0,26,2900000,75400000
866244.0,23,1500000,34500000
632558.0,56,2000000,112000000
306729.6806722689,40,1800000,72000000
243914.34782608695,57,3000000,171000000
158720.0,45,5700000,256500000
396835.0,40,1900000,76000000
378050.0,45,3500000,157500000
167938.56,32,1800000,57600000
198020.82352941175,24,1800000,43200000
679498.8307692307,37,2450000,90650000
108898.71800101991,39,1722000,67158000
513844.0,48,2000000,96000000
623168.0,39,16000000,624000000
337091.3,53,2600000,137800000
888253.0,35,2000000,70000000
416036.0,36,2460000,88560000
491643.92954249907,60,1800000,108000000
1723420.5876433891,56,17476000,978656000
1088635.0,31,2800000,86800000
82390.0,22,2889000,63558000
329030.8068459657,35,2000000,70000000
427588.0,32,1600000,51200000
669638.5882352941,43,1600000,68800000
564475.9901321628,59,1420000,83780000
809409.0,39,2780000,108420000
918718.0,32,1500000,48000000
739140.0,32,2000000,64000000
828851.0,54,2642160,142676640
801432.0,54,2300000,124200000
326926.0,41,4400000,180400000
315912.0,62,4000000,248000000
586789.4634146341,61,1800000,109800000
802744.2857142857,35,4000000,140000000
681233.9130434783,51,2080000,106080000
719598.0,36,1500000,54000000
145643.0,44,3000000,132000000
702628.5714285714,30,2000000,60000000
607303.0,57,1800000,102600000
427004.0,47,4000000,188000000
860419.0,28,2000000,56000000
447958.0122643848,52,2600000,135200000
689449.0,46,1480000,68080000
549480.0,39,4000000,156000000
754370.2173913043,26,1500000,39000000
1324718.0,47,2100000,98700000
548117.0,34,5000000,170000000
862294.0,43,2100000,90300000
53548.02710243125,59,2700000,159300000
118294.44444444445,43,2500000,107500000
530292.0,44,1900000,83600000
577687.5,29,1500000,43500000
151965.95744680852,27,1800000,48600000
656956.0,24,1800000,43200000
342697.63636363635,46,3600000,165600000
1152952.7272727273,35,2000000,70000000
324184.0,62,2800000,173600000
125404.0,29,2400000,69600000
64376.0,38,1500000,57000000
285644.0,30,3300000,99000000
1030888.0,35,1693000,59255000
611274.0,42,2900000,121800000
717258.0,42,1735000,72870000
368167.78378378385,40,1600000,64000000
478536.0,33,2600000,85800000
978014.0,27,2000000,54000000
397397.44305809325,51,1604265,81817515
754069.0,35,1503000,52605000
1132700.625,25,5000000,125000000
789842.0,45,1900000,85500000
14800.0,55,2099883,115493565
148498.64864864864,64,2500000,160000000
949800.0,51,2500000,127500000
492612.7272727273,37,2500000,92500000
293275.48387096776,57,2000000,114000000
1348542.0,58,3200000,185600000
893598.0000000001,30,1500000,45000000
353508.125,53,2500000,132500000
1220664.0,53,1900000,100700000
1426328.0,38,4200000,159600000
343695.0,23,1800000,41400000
1431178.7096774194,59,2300000,135700000
240750.0,42,1500000,63000000
266858.0,54,2000000,108000000
809607.7108433734,37,1600000,59200000
179150.1772792072,23,1500000,34500000
512043.8438435692,25,1450000,36250000
694446.2248803828,38,1490000,56620000
361382.0,49,3000000,147000000
645178.0,29,1850000,53650000
322666.0,24,2400000,57600000
1064704.0,52,1600000,83200000
332211.0,45,2000000,90000000
425710.5405405405,32,1500000,48000000
1116487.0,53,3000000,159000000
248454.00000000003,45,1800000,81000000
259047.0,45,1800000,81000000
169274.0,52,2100000,109200000
822125.0,46,1800000,82800000
578624.0,25,1500000,37500000
128258.0,35,1900000,66500000
679620.375,57,3000000,171000000
1342430.857142857,40,2000000,80000000
50104.0,54,2100000,113400000
545969.4117647058,53,3120000,165360000
1154706.0,36,4000000,144000000
684284.0,46,2000000,92000000
156318.0,33,2700000,89100000
120000.0,31,2000000,62000000
929870.0,62,4000000,248000000
877540.7142857143,35,2000000,70000000
723894.9091991666,25,1500000,37500000
418719.0,60,3120336,187220160
668614.8571428572,26,1700000,44200000
324743.0,26,2000000,52000000
257494.0,39,1600000,62400000
576363.6545454545,46,5150000,236900000
401103.1363636364,51,1414000,72114000
987757.0,39,1568000,61152000
748051.0,35,1500000,52500000
1054914.0,63,3000000,189000000
327777.86561264825,29,2600000,75400000
787650.0,42,2000000,84000000
421918.0,50,2475000,123750000
345422.25,28,1800000,50400000
1044560.0,52,3397000,176644000
588033.0,45,1800000,81000000
176436.63855772023,39,1800000,70200000
652644.0,40,2400000,96000000
690615.7118644068,31,2150000,66650000
1157684.0,52,2400000,124800000
224426.8571428572,56,1600000,89600000
252558.26086956525,52,3000000,156000000
775276.0,31,1600000,49600000
469516.0,39,1600000,62400000
2101395.0,58,4200000,243600000
592873.0632911392,46,2900000,133400000
1218234.0,35,1800000,63000000
556728.0,24,2660000,63840000
384329.13207547175,56,2300000,128800000
386818.0,31,1500000,46500000
619082.0,43,2800000,120400000
1270150.0,31,3000000,93000000
776683.6340377901,41,2500000,102500000
248352.0,42,4500000,189000000
203331.13636363635,31,6000000,186000000
290945.88235294115,33,1600000,52800000
21400.0,27,2320000,62640000
876968.0,54,2200000,118800000
526130.0,64,3000000,192000000
640730.0,59,2060000,121540000
115560.0,40,1624000,64960000
1107320.0,61,2300000,140300000
453948.4870848708,61,3120000,190320000
1558270.0,30,3000000,90000000
208196.0,24,1800000,43200000
2910738.0,32,5500000,176000000
1971656.0,41,4000000,164000000
829470.0,61,7000000,427000000
917328.761904762,40,2200000,88000000
510390.0,33,3400000,112200000
495025.7777777778,29,2000000,58000000
1195300.0,30,2140000,64200000
359240.0,52,1800000,93600000
600000.0,47,3300000,155100000
491191.6981132075,62,1500000,93000000
360158.4,42,1800000,75600000
128400.0,36,1700000,61200000
881117.0,44,2900000,127600000
0.0,43,1560000,67080000
1373130.0,27,3500000,94500000
520771.0,62,3500000,217000000
708589.0,42,2800000,117600000
410559.4285714286,25,3000000,75000000
2234532.0,30,4000000,120000000
1192178.755102041,42,1640000,68880000
819820.0,30,2000000,60000000
888080.0,25,2700000,67500000
151360.0,35,1500000,52500000
2315089.0,48,4500000,216000000
739221.0909090909,53,4000000,212000000
397102.0,34,2339000,79526000
94160.0,38,2000000,76000000
1053421.0,28,2400000,67200000
690659.2000000001,43,2000000,86000000
266343.4285714286,27,1800000,48600000
420986.7428571428,28,2300000,64400000
439050.9047044632,57,1800000,102600000
663241.0352941175,37,2600000,96200000
1354972.0000000002,41,2500000,102500000
929604.0,34,1800000,61200000
279364.0,66,3900000,257400000
750697.435897436,57,5300000,302100000
1248542.5531914893,38,3800000,144400000
456294.4615384615,32,1800000,57600000
654776.0,36,1800000,64800000
218492.0,29,2400000,69600000
113319.29411764705,37,1750000,64750000
696350.0,36,1750000,63000000
211146.34146341466,50,5000000,250000000
871980.0,39,1950000,76050000
518509.3846153846,34,1800000,61200000
184044.3983402489,28,1700000,47600000
1298549.0,44,4000000,176000000
449038.0,43,3000000,129000000
164994.0,50,1800000,90000000
627800.0,41,2000000,82000000
1341372.0,42,2000000,84000000
413523.2142857143,27,3000000,81000000
65742.22222222223,49,1600000,78400000
755099.0909090909,51,2600000,132600000
397720.0,25,1900000,47500000
440829.0,57,3000000,171000000
736430.8525383059,30,2261519,67845570
212502.0,52,1800000,93600000
433577.60542898695,48,1900000,91200000
612218.439716312,58,10000000,580000000
270658.0,62,2200000,136400000
287555.27027027024,44,2800000,123200000
692850.0,44,2500000,110000000
804412.131147541,48,3000000,144000000
862156.0,27,8000000,216000000
578850.0,64,2400000,153600000
172772.0,30,1500000,45000000
754982.5847846012,34,1500000,51000000
1111406.5609756098,56,2300000,128800000
739059.9999999999,38,11000000,418000000
148017.27272727276,47,3000000,141000000
201980.0,45,1800000,81000000
288899.0,50,3100000,155000000
159403.0,48,2224000,106752000
231000.0,29,1500000,43500000
931379.0,30,3800000,114000000
456559.1428571429,51,1900000,96900000
703240.0,29,2190000,63510000
15350.000000000002,25,1700000,42500000
929831.0,43,1500000,64500000
335526.31578947365,36,5100000,183600000
449622.0,44,2500000,110000000
541330.0,26,2000000,52000000
885781.3333333333,55,4000000,220000000
411180.0,44,1500000,66000000
966060.0,34,2000000,68000000
749132.0,38,1800000,68400000
98536.0,56,6300000,352800000
508268.69841269846,38,1700000,64600000
731610.0,32,3500000,112000000
409041.8326693227,57,3125000,178125000
57535.22408026756,46,2030000,93380000
544010.0,42,2100000,88200000
731573.0232558141,28,3000000,84000000
502346.66666666674,33,6000000,198000000
1317199.0,32,2000000,64000000
668647.9488903835,25,1500000,37500000
772446.0,40,2200000,88000000
935348.0,48,3120000,149760000
814262.1621621621,35,2500000,87500000
615733.6451612903,48,1580000,75840000
532805.0961108628,35,1500000,52500000
434835.0,30,1500000,45000000
342028.17391304346,29,1800000,52200000
468311.07205623906,22,2500000,55000000
1460821.8723404256,52,7600000,395200000
431531.0,61,3500000,213500000
1095548.0,47,2800000,131600000
897470.6363661148,49,1500000,73500000
214812.0,41,2900000,118900000
253272.0,60,5000000,300000000
693898.0,36,1760000,63360000
115132.0,39,3500000,136500000
510033.33333333343,55,25000000,1375000000
344787.11904761905,45,1700000,76500000
523596.8098159509,30,1800000,54000000
1978474.0,60,3300000,198000000
1053500.0,36,2900000,104400000
937221.0,30,2200000,66000000
767484.0,68,3200000,217600000
3856780.0,48,10000000,480000000
162525.86666666667,44,1600000,70400000
245900.0,37,2600000,96200000
443452.66666666674,52,2000000,104000000
468193.6517690875,29,1585000,45965000
1506400.0,39,3180000,124020000
884744.0,62,1475000,91450000
936040.4651162791,42,1800000,75600000
780418.0,65,1435276,93292940
368500.0,33,1550000,51150000
1076636.0,58,5000000,290000000
1663737.2307692303,42,2700000,113400000
349480.0,33,1600000,52800000
85758.92857142858,45,2500000,112500000
538163.0,51,1645000,83895000
184062.0,51,3000000,153000000
308088.0,43,2400000,103200000
825624.2105263157,28,3500000,98000000
147403.2,50,2000000,100000000
90165.45132743364,25,2800000,70000000
774202.0,30,2500000,75000000
128487.54545454546,28,1700000,47600000
753804.0,33,2800000,92400000
675599.0,60,2200000,132000000
342614.0,52,2400000,124800000
288660.0,31,2500000,77500000
335190.0,26,1440000,37440000
505034.8863636364,51,3500000,178500000
1124350.0,28,4000000,112000000
840422.0,36,1600000,57600000
1064252.0,54,3000000,162000000
225984.00000000003,35,1500000,52500000
383947.2,43,2800000,120400000
431166.0,58,1800000,104400000
406780.0,37,3100000,114700000
781686.5945945946,47,2800000,131600000
755538.7826086957,27,3200000,86400000
165597.05882352946,27,2500000,67500000
219963.33333333328,29,5500000,159500000
975560.0,33,3800000,125400000
1021794.0,31,2500000,77500000
123600.0,35,3000000,105000000
408215.7469406604,29,2300000,66700000
423827.0,28,1700000,47600000
924052.0,53,1800000,95400000
141641.25,47,1500000,70500000
630346.0,37,2500000,92500000
94810.0,50,5000000,250000000
343256.0,41,2990000,122590000
1137509.0,44,2000000,88000000
687978.0,38,1500000,57000000
1100920.0,50,5000000,250000000
1613422.0,43,2400000,103200000
1043711.0,24,1500000,36000000
164889.7435897436,59,2000000,118000000
555152.0,45,2240000,100800000
1245030.0,40,2900000,116000000
197496.0,53,2000000,106000000
205198.79087795204,57,1447000,82479000
614598.3333333335,29,1500000,43500000
897732.0,49,2080000,101920000
384195.0,43,1700000,73100000
118123.0,47,1800000,84600000
440966.00000000006,46,3400000,156400000
147981.0,27,1500000,40500000
385114.0,44,2000000,88000000
824630.0,59,2500000,147500000
434382.0,60,1600000,96000000
753868.0,36,4225175,152106300
58422.0,60,2200000,132000000
989498.0,54,3500000,189000000
1123500.0,62,3120000,193440000
909292.0,61,4000000,244000000
1376862.0,40,2200000,88000000
1229918.0,42,1900000,79800000
931122.948459545,37,3000000,111000000
400907.4285714286,37,2000000,74000000
747870.9677419355,35,1800000,63000000
1427307.0,52,2400000,124800000
556351.0204081633,25,8000000,200000000
905003.3333333335,44,2000000,88000000
998170.0,28,4600000,128800000
1204384.0,28,2500000,70000000
249845.0,56,4200000,235200000
1006940.0,53,3600000,190800000
538005.6809338521,37,1700000,62900000
539744.0,45,1550000,69750000
721790.0,43,1425000,61275000
518897.0,53,1500000,79500000
199376.66666666663,26,1500000,39000000
717762.0,29,1753654,50855966
533450.0,40,4189000,167560000
43206.0,40,2000000,80000000
222376.0,39,4000000,156000000
367163.0,23,1800000,41400000
336711.0,59,2700000,159300000
110216.36530816962,41,1474000,60434000
1002244.0,37,1700000,62900000
600037.2462311558,27,1488000,40176000
1372534.6944871969,68,15000000,1020000000
483406.8238982114,34,3823000,129982000
805530.0,46,2200000,101200000
462398.0,47,5000000,235000000
522616.0,48,2500000,120000000
226128.0,40,1800000,72000000
342704.0,58,1800000,104400000
1005168.0,58,2000000,116000000
314636.0,23,2500000,57500000
911740.0,53,3200000,169600000
514980.0,28,1700000,47600000
532228.0,47,2400000,112800000
1032888.0,28,1600000,44800000
777644.0,23,1450000,33350000
637596.2459016393,28,3300000,92400000
207372.3076923077,46,1600000,73600000
28863.013698630133,47,1500000,70500000
489525.00000000006,34,1846000,62764000
91990.0,58,2800000,162400000
538808.0,37,1500000,55500000
425936.5714285714,27,1900000,51300000
47989.18918918919,43,2000000,86000000
533556.0,45,1900000,85500000
1110062.0,59,2200000,129800000
706028.8235294119,48,1800000,86400000
1129027.0,50,5000000,250000000
452277.14386163384,34,2000000,68000000
215720.0,54,1800000,97200000
549184.0,44,1624000,71456000
212104.875,51,1500000,76500000
1223097.8571428573,35,4000000,140000000
943635.1522953608,39,2717000,105963000
654736.0,29,1900000,55100000
1202858.0,36,2500000,90000000
1406354.0,47,2500000,117500000
381819.4285714286,42,1500000,63000000
374506.0,31,7370000,228470000
1068928.0,41,4000000,164000000
1425271.0,35,3100000,108500000
298200.0,29,1800000,52200000
1404681.967213115,27,2500000,67500000
74686.0,27,1500000,40500000
608460.0,56,3000000,168000000
570893.0232558139,29,2160000,62640000
164190.0,27,1500000,40500000
579527.5653923543,54,1800000,97200000
1434126.0,43,3000000,129000000
1440446.0000000002,33,2300000,75900000
236133.7501699062,28,2300000,64400000
723273.0,64,1500000,96000000
989733.0,54,2734000,147636000
469436.0,35,2600000,91000000
299393.0,43,1900000,81700000
772951.4888444889,56,2606000,145936000
945026.0,28,2300000,64400000
730092.0,60,4600000,276000000
399050.0,30,1500000,45000000
620051.7857142857,50,1500000,75000000
421415.3846153846,56,4000000,224000000
507819.4,48,2200000,105600000
1035685.0,23,2000000,46000000
1005555.0,43,2500000,107500000
750404.4444444444,55,6000000,330000000
806578.7619047619,38,1700000,64600000
822243.0,22,1789000,39358000
861829.9356825949,42,1500000,63000000
519558.0,30,1800000,54000000
1109223.0,26,1600000,41600000
0.0,34,1500000,51000000
571380.0,58,15000000,870000000
1348421.0,32,2500000,80000000
0.0,55,2200000,121000000
530948.1632653062,70,3400000,238000000
797841.9999999999,28,1500000,42000000
745572.0,29,1870000,54230000
976190.0,40,1800000,72000000
728154.0,48,1600000,76800000
144762.0,49,2000000,98000000
315986.625,41,1800000,73800000
422877.89473684214,42,1600000,67200000
432280.0,34,1800000,61200000
364442.76875483367,24,1500000,36000000
407920.0,30,2000000,60000000
1149923.3872976338,51,2800000,142800000
864104.0,29,2000000,58000000
952140.9677419355,39,1500000,58500000
754794.0,68,2800000,190400000
1099391.5714285716,56,1900000,106400000
876904.0000000001,50,3000000,150000000
940662.564102564,42,4000000,168000000
363082.0,58,3182743,184599094
426019.26605504594,50,3000000,150000000
520095.0,32,4000000,128000000
1067228.0,64,5000000,320000000
727693.0,47,2800000,131600000
1171830.0,44,4150000,182600000
859520.0,36,3100000,111600000
357613.0,40,1750000,70000000
897128.0000000001,53,1663000,88139000
595560.0,34,1500000,51000000
765063.731958763,31,2036000,63116000
599880.0,31,1500000,46500000
174411.6,38,3000000,114000000
926879.3339267216,60,2000000,120000000
297082.0,34,1700000,57800000
616333.0,38,1500000,57000000
348649.7142857143,40,1500000,60000000
1070208.0,47,2760000,129720000
67624.0,54,2800000,151200000
673609.0909090909,33,1500000,49500000
17548.0,40,1800000,72000000
875268.0,23,1600000,36800000
147437.5,34,2000000,68000000
265600.0,49,4000000,196000000
352800.0,45,4000000,180000000
1052783.0,33,2500000,82500000
1104210.5263157894,41,2800000,114800000
1649650.0,55,8000000,440000000
991358.4495412844,53,6900000,365700000
507373.0,29,2500000,72500000
491242.32964595343,35,3000000,105000000
327314.1176470588,30,1800000,54000000
152036.7272727273,27,1500000,40500000
951238.0,27,2800000,75600000
465190.0,51,2000000,102000000
328490.0,44,3000000,132000000
508132.00000000006,48,1800000,86400000
254086.0,39,2500000,97500000
126260.0,49,2400000,117600000
492200.0,54,2300000,124200000
272695.01960714365,37,1665300,61616100
1689562.0000000002,59,3000000,177000000
167183.7142857143,49,1900000,93100000
728160.0,31,4000000,124000000
1080418.0,36,2600000,93600000
863032.0,24,4700000,112800000
873698.0,34,2149000,73066000
590943.6322346224,44,5106000,224664000
520696.8,44,3600000,158400000
125972.0,35,1600000,56000000
740600.0,46,1795000,82570000
302362.16216216213,51,2800000,142800000
215854.0,46,2500000,115000000
663749.9847700275,44,2600000,114400000
1989172.0,75,4200000,315000000
597041.5055206564,62,5900000,365800000
848938.0,52,2500000,130000000
1250651.3333333335,56,3000000,168000000
455392.0,57,1600000,91200000
362541.33333333326,54,4600000,248400000
405781.5483870968,52,1800000,93600000
100522.0,47,2739788,128770036
445927.0,57,4000000,228000000
513796.917562724,64,2300000,147200000
842687.1428571428,34,2300000,78200000
453199.00000000006,40,2600000,104000000
725190.0,36,2584000,93024000
227321.52317880795,35,2550000,89250000
844612.0,39,2159000,84201000
358401.78306092124,48,2000000,96000000
405555.15789473685,26,3200000,83200000
706558.0,45,2000000,90000000
183643.24137931035,64,1500000,96000000
440776.0,53,2700000,143100000
701748.1052631579,41,2900000,118900000
287572.0,25,2000000,50000000
245750.0,26,2000000,52000000
771958.0,44,2800000,123200000
558102.0,55,3507000,192885000
1676732.0,39,2500000,97500000
937976.0,37,1630000,60310000
1584085.0,59,12000000,708000000
623155.0,36,2850450,102616200
792081.0,33,1500000,49500000
795723.1578947369,36,1800000,64800000
1243682.1818181816,36,3000000,108000000
582244.1379310343,24,1800000,43200000
419160.0,57,3120000,177840000
543211.0,62,2500000,155000000
140598.0,36,1650000,59400000
327103.0,46,5000000,230000000
773174.0591397849,26,1500000,39000000
650446.0,30,2400000,72000000
240162.75,27,1500000,40500000
503960.0,70,3200000,224000000
1647149.0,58,2400000,139200000
619260.0,35,5000000,175000000
732370.0,23,3000000,69000000
863625.0,46,17000000,782000000
346962.61506276147,53,1590000,84270000
538188.0,31,1750000,54250000
790015.0,26,1800000,46800000
261431.46666666673,38,4000000,152000000
297474.8237379248,36,1600000,57600000
190682.2857142857,28,1600000,44800000
709704.0,46,1600000,73600000
871616.0,29,1750000,50750000
590420.0537453813,33,1500000,49500000
1141490.0,38,2000000,76000000
305790.0,60,2000000,120000000
74768.0,64,3000000,192000000
728842.0,49,2100000,102900000
740706.0,57,2046763,116665491
315860.0,28,3980000,111440000
187892.0,32,1500000,48000000
263724.0,36,3700000,133200000
296659.2398427261,46,1500000,69000000
347552.8062827225,30,1420000,42600000
610762.0,59,3200000,188800000
142482.97297297302,42,1700000,71400000
507472.8,34,1500000,51000000
441696.0,26,1800000,46800000
998674.0,40,1900000,76000000
157757.25997449446,47,4800000,225600000
438608.0,54,2500000,135000000
205440.0,48,1700094,81604512
970670.0,46,13000000,598000000
797108.0,32,1800000,57600000
598512.6984126985,27,2500000,67500000
321317.01469007524,55,1591000,87505000
165200.0,31,2800000,86800000
521290.0,54,2800000,151200000
384607.69230769225,46,1950000,89700000
207853.73462783173,31,1940000,60140000
350757.64705882355,38,3300000,125400000
250000.0,33,1500000,49500000
193520.33898305087,52,1500000,78000000
102720.0,34,2000000,68000000
442871.73913043475,33,1500000,49500000
479952.8301886793,30,2500000,75000000
848940.0,62,1800000,111600000
400450.2857142857,40,2000000,80000000
574193.023255814,43,5000000,215000000
273236.0,41,2945000,120745000
338784.3705911042,27,2800000,75600000
291828.43902439025,46,31200000,1435200000
721744.0,53,1500000,79500000
243318.0,47,2500000,117500000
1129706.0,56,1800000,100800000
1324496.0,57,6500000,370500000
269671.30434782605,49,3000000,147000000
394692.3529411765,29,1800000,52200000
529661.9245283019,30,3800000,114000000
484838.0,32,2100000,67200000
140224.98832321345,43,3182000,136826000
554242.0,36,4000000,144000000
75131.54504693777,24,1580000,37920000
237332.0,60,4000000,240000000
1221043.0,37,3500000,129500000
322211.7303370787,24,1800000,43200000
1158820.1834862386,61,10000000,610000000
802580.3803863298,45,1765000,79425000
402593.24324324325,62,2500000,155000000
346134.0,39,1600000,62400000
1323306.0,38,3000000,114000000
518128.0,54,1600000,86400000
25350.0,53,1600000,84800000
1297700.5161290322,25,2200000,55000000
782522.0,33,1500000,49500000
482350.0,56,3000000,168000000
1436152.0,63,2000000,126000000
589741.9354838709,38,2500000,95000000
314820.0,67,1846400,123708800
224223.3333333333,29,2050000,59450000
150538.51563923474,38,1586000,60268000
1114644.0,35,5000000,175000000
206076.0,23,1500000,34500000
814905.8181818181,31,1700000,52700000
72760.0,30,1560000,46800000
232525.0,22,1800000,39600000
950512.0,25,2000000,50000000
149470.0,33,1500000,49500000
1219980.0,34,1800000,61200000
885200.0,40,3500000,140000000
304620.0,28,1700000,47600000
605029.4634146342,28,1600000,44800000
856260.0,42,3000000,126000000
220780.0,56,3000000,168000000
449957.04989154014,52,3000000,156000000
572927.844477059,27,5000000,135000000
407621.7435897436,57,1600000,91200000
401506.0,54,3200000,172800000
439770.00000000006,23,1600000,36800000
0.0,50,4000000,200000000
1226348.0,38,2200000,83600000
396537.0,28,1900000,53200000
951382.0,48,2500000,120000000
404129.6,64,4000000,256000000
251920.8,25,1800000,45000000
243241.60714285716,43,13000000,559000000
194443.2,41,1800000,73800000
30923.0,44,1500000,66000000
537352.0,38,2000000,76000000
624989.8415007658,29,1833000,53157000
138414.88888888888,60,2100000,126000000
276230.0,63,2570358,161932554
619696.5868263473,31,2140000,66340000
391520.0,52,6428000,334256000
1362786.0425531915,62,3200000,198400000
1111354.0,39,3000000,117000000
506088.00000000006,36,1800000,64800000
1303595.0,42,1800000,75600000
552121.1009174312,50,1500000,75000000
702005.0,40,1500000,60000000
333820.0,57,2800000,159600000
1506492.7776789772,30,2600000,78000000
1407200.0,44,3000000,132000000
155364.0,39,1800000,70200000
2261539.0,61,3200000,195200000
145284.0,45,1470000,66150000
264023.6124401914,26,2089000,54314000
219469.0909090909,52,1800000,93600000
27596.0,47,2400000,112800000
917747.0,29,1500000,43500000
911655.7548117406,61,3623749,221048689
450291.00000000006,50,2600000,130000000
560546.0,46,2500000,115000000
1155730.0,52,4200000,218400000
335476.0,39,3820000,148980000
188829.0,30,1500000,45000000
419336.0,29,1600000,46400000
307229.5384615385,46,2400000,110400000
45154.00000000001,40,2800000,112000000
709196.0,28,1500000,42000000
375380.0,70,4000000,280000000
342594.0,26,2100000,54600000
827200.0,53,2200000,116600000
967825.0476190477,37,2200000,81400000
345489.609375,52,1460000,75920000
278906.0,25,2600000,65000000
231932.6186830015,44,3600000,158400000
161437.0,50,1700000,85000000
409168.0,44,2198000,96712000
307018.66666666674,43,2400000,103200000
155382.18931654954,60,3000000,180000000
578024.0,38,1600000,60800000
1044484.0,33,1835000,60555000
697100.0,58,1700000,98600000
978014.0,27,2000000,54000000
1478144.0,47,2400000,112800000
919994.0,49,3120000,152880000
711530.0,26,3500000,91000000
288205.71428571426,30,1600000,48000000
530022.0,38,2000000,76000000
230326.0,40,2860000,114400000
4138228.666666666,59,8000000,472000000
1093787.5555555557,33,1700000,56100000
531852.4137931034,28,1500000,42000000
298088.50516302325,51,3800000,193800000
997906.9890109892,60,3200000,192000000
803412.0,59,2800000,165200000
192675.15176042085,60,1700000,102000000
17120.0,48,1600000,76800000
839979.0,25,1800000,45000000
393490.0,47,1801000,84647000
355960.0,32,1600000,51200000
217619.49479940566,31,2800000,86800000
404784.0,34,2000000,68000000
1363364.0,37,2000000,74000000
100220.9090909091,39,2800000,109200000
485684.0,42,1900000,79800000
617489.0,32,3000000,96000000
167496.4705882353,56,2000000,112000000
953603.0,36,6500000,234000000
579132.5505766176,28,3239924,90717872
549399.0,50,3600000,180000000
172162.0,47,1937000,91039000
684700.0,43,1584476,68132468
295497.14285714284,47,1600000,75200000
248882.0,31,2300000,71300000
273112.0,34,1536000,52224000
856794.2727272727,34,1800000,61200000
55602.0,57,3600000,205200000
467254.0,41,1642000,67322000
717328.0,60,3120000,187200000
769108.0,44,2475299,108913156
844979.0,61,1600000,97600000
661262.0000000001,24,2400000,57600000
360083.04593420244,26,2444000,63544000
1925287.0,29,2667000,77343000
340790.1663051338,25,1600000,40000000
796745.0,51,2000000,102000000
108413.46153846152,32,2200000,70400000
1386386.0,39,2260000,88140000
1784730.0,50,4792000,239600000
453109.09090909094,56,2400000,134400000
559794.6000000001,29,1800000,52200000
1409266.0,51,3120000,159120000
204041.04142011836,60,1632000,97920000
278368.3741648107,52,2000000,104000000
968402.0,42,2500000,105000000
411560.97916666674,24,1900000,45600000
479359.00000000006,48,3500000,168000000
708344.1818181819,49,12000000,588000000
211176.0,35,2000000,70000000
512060.0,32,3000000,96000000
548984.6511627907,54,1500000,81000000
547410.1333333333,43,1600000,68800000
805136.6037735848,37,1800000,66600000
1073470.0,31,1500000,46500000
986779.9791666665,49,2900000,142100000
718726.0,48,1800000,86400000
638805.9574468086,57,1500000,85500000
214280.0,37,1600000,59200000
421384.0,32,2600000,83200000
829795.9090909092,35,3500000,122500000
687788.0,29,1640000,47560000
288643.0,58,2000000,116000000
177502.17142857146,35,2300000,80500000
238480.0,61,2500000,152500000
778804.0,35,1600000,56000000
224318.0,51,6500000,331500000
783531.3183807441,34,1500000,51000000
498618.9258312021,40,2000000,80000000
303834.6428571429,31,1500000,46500000
404460.0,32,1500000,48000000
794000.0,56,3200000,179200000
1010295.0,47,3120000,146640000
714211.4716981133,32,1800000,57600000
266814.73010064045,22,1500000,33000000
390146.4615384615,26,1920000,49920000
400600.0,25,1900000,47500000
350000.0,23,1600000,36800000
678748.875,26,1500000,39000000
902719.0,37,6000000,222000000
233539.14893617018,19,1500000,28500000
578230.7999999999,25,1500000,37500000
1195562.0,39,2000000,78000000
844762.0,49,3007000,147343000
948664.0,57,2000000,114000000
160218.0,54,2300000,124200000
919004.0,33,1700000,56100000
415488.6,45,1800000,81000000
225174.62365591398,32,2000000,64000000
1030326.0,59,1600000,94400000
571760.0,46,2800000,128800000
229408.0,54,1700000,91800000
725370.0,33,1800000,59400000
435074.0,58,3800000,220400000
911372.0,46,1800000,82800000
717704.0,29,2000000,58000000
157465.0,60,3120336,187220160
1004524.0,30,1600000,48000000
870786.0,34,2300000,78200000
679400.0,42,6000000,252000000
287636.8782287823,36,2820000,101520000
29603.33333333333,46,3000000,138000000
16478.0,34,2600000,88400000
321904.0,30,1500000,45000000
101039.0,53,2500000,132500000
516020.0,50,3000000,150000000
465360.0,58,10000000,580000000
741742.5454545454,44,2000000,88000000
461491.0,47,2300000,108100000
563900.0,35,4060000,142100000
597890.0,43,3500000,150500000
2429784.0,58,12000000,696000000
0.0,51,2700000,137700000
692599.0,48,1900000,91200000
41129.15384615384,32,1900000,60800000
439290.0,36,5000000,180000000
637609.0909090909,27,3000000,81000000
47286.375,25,1800000,45000000
255057.0,26,1650000,42900000
291337.20930232556,25,2500000,62500000
541088.0,23,2200000,50600000
722280.0,49,2340000,114660000
1067100.5166225117,47,3500000,164500000
945092.0,35,1500000,52500000
570590.0,32,3959000,126688000
599650.0,30,2000000,60000000
451354.0,29,1550000,44950000
539815.0,47,1500000,70500000
579630.0,46,2700000,124200000
209292.0,55,2000000,110000000
253136.0,57,30000000,1710000000
182290.0,60,1467000,88020000
1180957.894736842,56,3000000,168000000
1432260.0,26,3500000,91000000
1050244.0,52,5000000,260000000
971610.3529411764,48,2400000,115200000
944205.103448276,40,2200000,88000000
924884.0,68,2000000,136000000
227374.0,48,3100000,148800000
662691.0,49,2000000,98000000
1086260.0,53,1500000,79500000
233617.9104477612,36,2500000,90000000
552263.0,78,1500000,117000000
698384.0,23,2100000,48300000
359154.0,44,1700000,74800000
176470.58823529413,31,2000000,62000000
1240134.0,34,1800000,61200000
148743.0,32,1700000,54400000
188529.0,49,2200000,107800000
392058.50922509225,46,3120000,143520000
1035200.0,35,2000000,70000000
1193970.0,36,2300000,82800000
368016.0,34,1500000,51000000
267120.0,44,5600000,246400000
313464.0,46,1900000,87400000
483533.00000000006,30,3500000,105000000
598394.0,33,1500000,49500000
271886.0,35,4000000,140000000
410903.00000000006,50,2500000,125000000
610303.2,36,1800000,64800000
275207.209573847,37,1850000,68450000
1577150.0,67,10000000,670000000
488261.0,45,2000000,90000000
838689.7505285413,43,2315000,99545000
222328.57142857145,43,1500000,64500000
28890.0,59,10210000,602390000
850760.0,29,2000000,58000000
327124.0,39,2500000,97500000
624224.0,36,2000000,72000000
674140.0,27,1500000,40500000
221072.79411764702,29,2000000,58000000
0.0,48,3200000,153600000
253929.10553715102,52,2900000,150800000
537664.0,34,2000000,68000000
406441.0,30,2100000,63000000
2050133.0,29,5000000,145000000
460377.66945606685,55,1624000,89320000
154430.76923076925,36,3000000,108000000
1476460.0,39,2900000,113100000
406960.4,54,7000000,378000000
402777.98684472794,29,1800500,52214500
237328.95348837212,29,1500000,43500000
224501.1428571429,40,1800000,72000000
887660.0,33,1700000,56100000
195629.85,23,1800000,41400000
1183511.0,27,2200000,59400000
1274076.0,44,3000000,132000000
300336.0,32,1800000,57600000
749012.0,30,2780000,83400000
485367.0,49,2500000,122500000
213413.698630137,42,5600000,235200000
284502.0,28,1800000,50400000
350121.23465972475,58,2000000,116000000
199876.0,44,3000000,132000000
120267.80487804874,28,1500000,42000000
308528.7857142857,41,3800000,155800000
721684.0,36,1500000,54000000
362846.9394148236,40,2300000,92000000
300000.0,69,5500000,379500000
630724.5240418118,53,3180000,168540000
185860.0,39,2400000,93600000
956482.2,33,3000000,99000000
861682.0,34,3500000,119000000
768491.0,51,3600000,183600000
1459093.2222222222,36,3500000,126000000
2682719.7647058824,41,13000000,533000000
310486.0,51,2900000,147900000
800360.0,36,1600000,57600000
819587.9999999999,39,2600000,101400000
648688.0,47,2200000,103400000
604360.0,31,1800000,55800000
307034.81481481483,43,1450000,62350000
600000.0,49,4000000,196000000
542860.3053435115,31,1500000,46500000
277097.72972972976,37,2200000,81400000
988398.0,57,2000000,114000000
1381250.0,50,4000000,200000000
115540.0,35,4526000,158410000
500000.0,55,2400000,132000000
901037.7272727272,55,1500000,82500000
754461.6576297444,55,3000000,165000000
882008.0,59,2000000,118000000
1048825.0,33,1500000,49500000
202315.17610178867,36,1600000,57600000
686940.0,40,2040000,81600000
113328.0,43,7000000,301000000
193661.61248374512,40,1700000,68000000
615101.2000000001,53,2800000,148400000
423250.0,32,1660000,53120000
249937.00000000003,47,3692000,173524000
254112.9090909091,25,1700000,42500000
468912.8486055777,34,1820000,61880000
585600.0,55,4000000,220000000
448195.25400407094,28,9590321,268528988
240038.0,22,1800000,39600000
749658.0,27,1800000,48600000
848919.7265624999,38,1500000,57000000
326714.0,46,1800000,82800000
606064.0,64,4453192,285004288
414211.16427432216,55,3700000,203500000
472588.4482758621,26,1500000,39000000
160655.36144227974,35,1639000,57365000
305058.2682084916,35,1447000,50645000
454401.5113904164,46,3165000,145590000
784952.0,40,3500000,140000000
677952.0,48,2000000,96000000
518107.3943661972,35,5000000,175000000
1052230.0,56,2500000,140000000
592400.0,49,3000000,147000000
689202.2222222221,35,2500000,87500000
227984.04255319148,27,1500000,40500000
616691.304347826,42,2000000,84000000
484266.0888748818,44,2700000,118800000
459598.0,27,2520000,68040000
606769.3846153846,55,3800000,209000000
549714.0677966102,26,3100000,80600000
1061580.0,33,2000000,66000000
782604.0,55,2300000,126500000
803802.0,35,2400000,84000000
731022.5,34,1500000,51000000
515870.0,53,1532000,81196000
114579.16666666669,37,2500000,92500000
889839.0,39,3000000,117000000
1390788.0,32,2200000,70400000
932200.0,48,1500000,72000000
437729.0,31,1500000,46500000
326835.74468085106,54,1600000,86400000
388768.064516129,40,1500000,60000000
534378.0,28,3700000,103600000
99750.0,49,2360000,115640000
263648.0,51,1600000,81600000
2088376.888888889,51,4800000,244800000
343968.0,41,1500000,61500000
289110.0,27,2500000,67500000
1157680.0,41,2500000,102500000
967320.0,28,2000000,56000000
347131.19999999995,43,2400000,103200000
437903.0,32,1500000,48000000
305004.88888888893,31,2000000,62000000
107122.78688524588,62,3100000,192200000
1226332.588235294,31,1800000,55800000
378450.0,32,2300000,73600000
1002482.0,35,2800000,98000000
436704.0,61,5000000,305000000
614644.0,37,2400000,88800000
273863.0,51,2000000,102000000
1757934.0,55,4000000,220000000
352127.94736842107,46,1580000,72680000
1865939.6,38,3700000,140600000
833556.0,58,4000000,232000000
414328.0,44,1600000,70400000
603000.0,46,3000000,138000000
490248.0,33,2050000,67650000
321507.0,25,1800000,45000000
155150.0,50,1830000,91500000
682480.0,34,1600000,54400000
114198.47722022765,37,2500000,92500000
77666.13333333332,62,1600000,99200000
615808.095704187,23,1528000,35144000
886160.8666666666,29,2300000,66700000
1028811.0,42,2200000,92400000
808689.0,51,6000000,306000000
335840.9090909091,57,3500000,199500000
209130.66666666663,27,1600000,43200000
1069797.5327102805,48,1740000,83520000
535553.4183336997,51,6500000,331500000
1642690.0,36,3200000,115200000
866352.0,34,3200000,108800000
629659.2857142858,66,1500000,99000000
831974.0,49,2600000,127400000
766700.9862881885,31,2460000,76260000
258067.70949720673,39,2300000,89700000
805151.0,43,11500000,494500000
219402.92,55,2200000,121000000
577341.3636363636,32,1500000,48000000
191640.0,46,2000000,92000000
878515.0000000001,43,1750000,75250000
354170.0,36,1500000,54000000
0.0,35,11000000,385000000
427450.0,34,1600000,54400000
69122.0,55,1800000,99000000
155532.8125,33,2500000,82500000
1039978.6666666665,57,5800000,330600000
101115.0,34,1800000,61200000
384340.5,57,1800000,102600000
1349334.0,38,4500000,171000000
89840.92830023801,59,1456627,85940993
226062.68656716423,26,2500000,65000000
164780.0,30,2100000,63000000
1138627.0,32,1900000,60800000
745387.5,34,3900000,132600000
1344200.0,37,3000000,111000000
439724.3864734299,49,1570000,76930000
1181296.0,38,2500000,95000000
1358820.0,50,2256000,112800000
300000.0,42,2800000,117600000
764830.0,36,1610000,57960000
98417.33333333334,25,1500000,37500000
296047.54285714286,22,1440000,31680000
1320400.0,52,3600000,187200000
386673.3227332479,56,1600000,89600000
672640.0,36,1800000,64800000
441795.61290322576,39,1600000,62400000
472451.73913043475,39,1500000,58500000
59063.99999999999,60,2749000,164940000
389721.93287842924,38,5400000,205200000
790854.5199063232,29,2040000,59160000
234495.15789473683,41,6000000,246000000
237629.8536585366,32,2600000,83200000
430422.6524822695,39,4100000,159900000
732406.0,48,2100000,100800000
297840.0,66,6000000,396000000
644061.0285714286,36,1700000,61200000
205158.8863636364,32,2700000,86400000
947028.0,61,2500000,152500000
453723.73770491796,31,3800000,117800000
1412135.0,35,3500000,122500000
782320.0000000001,51,2200000,112200000
344178.0,36,3617000,130212000
599258.4473684211,36,1590000,57240000
1019200.0,60,5000000,300000000
1125982.9411764706,17,7500000,127500000
548054.0,55,3000000,165000000
1460448.0,39,2100000,81900000
933188.0,28,1536000,43008000
831225.868852459,45,3100000,139500000
109998.4,43,2800000,120400000
728254.0,47,2200000,103400000
249937.00000000003,44,3692000,162448000
961804.0,46,2500000,115000000
421400.0,31,2200000,68200000
610114.0,40,3560000,142400000
392654.70588235295,52,3300000,171600000
719430.4317304317,32,1900000,60800000
674929.912623164,29,2000000,58000000
891321.4415726247,23,2000000,46000000
269418.6206896552,62,2000000,124000000
1292934.0,38,2500000,95000000
1086452.0,58,4000000,232000000
458748.0,23,2000000,46000000
392800.00000000006,49,5500000,269500000
159195.67346938775,48,1800000,86400000
319007.125,53,1700000,90100000
825996.0,61,3100000,189100000
743944.6883116885,29,2350000,68150000
379062.4148750727,24,2064000,49536000
760718.0,45,1900000,85500000
483835.93220338976,56,6000000,336000000
471921.3232007153,31,1500000,46500000
95324.0,55,3200000,176000000
764154.0000000001,57,2800000,159600000
269261.0909090909,33,2000000,66000000
729819.0277777779,51,1900000,96900000
1021728.0,32,1600000,51200000
686105.5263020301,51,1500000,76500000
68747.5,30,1500000,45000000
77229.6869504045,37,5400000,199800000
824986.0,58,4000000,232000000
992917.0,59,2300000,135700000
962287.0,38,3400000,129200000
398766.0,49,1800000,88200000
341854.85714285716,29,1600000,46400000
395023.125,33,2100000,69300000
472248.0,38,2000000,76000000
419666.0,53,3120000,165360000
509125.12110726646,33,3100000,102300000
540420.0,27,1600000,43200000
528853.0,28,1600000,44800000
585400.0,32,4000000,128000000
304760.0,56,3000000,168000000
607983.8907849829,35,1650000,57750000
421026.66666666657,33,2100000,69300000
439880.0,32,2200000,70400000
926879.3339267216,31,2000000,62000000
998794.0,27,2500000,67500000
541226.88,41,1800000,73800000
288813.6,47,1500000,70500000
173584.62295081967,41,2100000,86100000
408357.85714285716,26,1500000,39000000
636521.0,33,1700000,56100000
160835.27272727276,34,1600000,54400000
312840.0,45,4500000,202500000
642696.4102564104,29,2000000,58000000
410000.0,35,2000000,70000000
